reservation_id,probabilite_annulation,reservation_annulee
ES001382,0.5,0
ES003089,0.5,0
ES003952,0.5,0
ES005083,0.5,0
ES005856,0.5,0
ES006860,0.5,0
ES007898,0.5,0
ES008756,0.5,0
ES002028,0.5,0
ES005295,0.5,0
ES005982,0.5,0
ES006363,0.5,0
ES007401,0.5,0
ES009403,0.5,0
ES000769,0.5,0
ES001175,0.5,0
ES002281,0.5,0
ES003710,0.5,0
ES004029,0.5,0
ES004243,0.5,0
ES004768,0.5,0
ES006434,0.5,0
ES009156,0.5,0
ES001266,0.5,0
ES003708,0.5,0
ES003789,0.5,0
ES005678,0.5,0
ES005812,0.5,0
ES006433,0.5,0
ES007244,0.5,0
ES007506,0.5,0
ES008516,0.5,0
ES009235,0.5,0
ES000387,0.5,0
ES000879,0.5,0
ES002259,0.5,0
ES003444,0.5,0
ES003954,0.5,0
ES005486,0.5,0
ES006019,0.5,0
ES006339,0.5,0
ES006472,0.5,0
ES008199,0.5,0
ES009154,0.5,0
ES001009,0.5,0
ES003040,0.5,0
ES004322,0.5,0
ES004679,0.5,0
ES005839,0.5,0
ES005897,0.5,0
ES006262,0.5,0
ES006642,0.5,0
ES006989,0.5,0
ES007959,0.5,0
ES008395,0.5,0
ES009826,0.5,0
ES000601,0.5,0
ES001765,0.5,0
ES002662,0.5,0
ES003924,0.5,0
ES005022,0.5,0
ES005254,0.5,0
ES005415,0.5,0
ES005737,0.5,0
ES005883,0.5,0
ES000431,0.5,0
ES000487,0.5,0
ES003438,0.5,0
ES004143,0.5,0
ES004374,0.5,0
ES004686,0.5,0
ES005045,0.5,0
ES007678,0.5,0
ES007739,0.5,0
ES008548,0.5,0
ES009008,0.5,0
ES000612,0.5,0
ES002194,0.5,0
ES002823,0.5,0
ES004099,0.5,0
ES004317,0.5,0
ES004614,0.5,0
ES004660,0.5,0
ES005342,0.5,0
ES005964,0.5,0
ES007096,0.5,0
ES007333,0.5,0
ES007536,0.5,0
ES007871,0.5,0
ES009408,0.5,0
ES000136,0.5,0
ES000691,0.5,0
ES001258,0.5,0
ES002436,0.5,0
ES004043,0.5,0
ES004413,0.5,0
ES005997,0.5,0
ES007219,0.5,0
ES007374,0.5,0
ES009100,0.5,0
ES000458,0.5,0
ES001040,0.5,0
ES001359,0.5,0
ES003002,0.5,0
ES003128,0.5,0
ES003252,0.5,0
ES004278,0.5,0
ES006218,0.5,0
ES006766,0.5,0
ES007436,0.5,0
ES007451,0.5,0
ES008323,0.5,0
ES004435,0.5,0
ES004589,0.5,0
ES005197,0.5,0
ES005818,0.5,0
ES006204,0.5,0
ES006480,0.5,0
ES006601,0.5,0
ES007807,0.5,0
ES009089,0.5,0
ES009459,0.5,0
ES001190,0.5,0
ES002698,0.5,0
ES003437,0.5,0
ES004392,0.5,0
ES006194,0.5,0
ES006327,0.5,0
ES006446,0.5,0
ES006653,0.5,0
ES006808,0.5,0
ES007023,0.5,0
ES007888,0.5,0
ES009900,0.5,0
ES000088,0.5,0
ES000383,0.5,0
ES000827,0.5,0
ES001037,0.5,0
ES002731,0.5,0
ES003316,0.5,0
ES004074,0.5,0
ES004555,0.5,0
ES004706,0.5,0
ES005121,0.5,0
ES006098,0.5,0
ES008641,0.5,0
ES009248,0.5,0
ES003250,0.5,0
ES003280,0.5,0
ES003742,0.5,0
ES004463,0.5,0
ES006234,0.5,0
ES006727,0.5,0
ES006913,0.5,0
ES008047,0.5,0
ES008545,0.5,0
ES008887,0.5,0
ES009326,0.5,0
ES001193,0.5,0
ES003006,0.5,0
ES003990,0.5,0
ES005034,0.5,0
ES005244,0.5,0
ES005622,0.5,0
ES005814,0.5,0
ES005868,0.5,0
ES008576,0.5,0
ES001899,0.5,0
ES002136,0.5,0
ES002982,0.5,0
ES004299,0.5,0
ES005747,0.5,0
ES007369,0.5,0
ES009387,0.5,0
ES001813,0.5,0
ES002751,0.5,0
ES003470,0.5,0
ES005257,0.5,0
ES005625,0.5,0
ES005803,0.5,0
ES006347,0.5,0
ES001129,0.5,0
ES001163,0.5,0
ES001380,0.5,0
ES001942,0.5,0
ES002016,0.5,0
ES003995,0.5,0
ES004116,0.5,0
ES005389,0.5,0
ES006326,0.5,0
ES007004,0.5,0
ES008695,0.5,0
ES009859,0.5,0
ES000276,0.5,0
ES001073,0.5,0
ES001911,0.5,0
ES002137,0.5,0
ES002690,0.5,0
ES007147,0.5,0
ES007175,0.5,0
ES007727,0.5,0
ES000907,0.5,0
ES000939,0.5,0
ES002158,0.5,0
ES003050,0.5,0
ES006091,0.5,0
ES006569,0.5,0
ES007009,0.5,0
ES007087,0.5,0
ES007832,0.5,0
ES009278,0.5,0
ES009753,0.5,0
ES003439,0.5,0
ES004188,0.5,0
ES008693,0.5,0
ES000217,0.5,0
ES001852,0.5,0
ES001867,0.5,0
ES001878,0.5,0
ES003131,0.5,0
ES003601,0.5,0
ES005388,0.5,0
ES009112,0.5,0
ES009327,0.5,0
ES000526,0.5,0
ES000674,0.5,0
ES000980,0.5,0
ES001097,0.5,0
ES004192,0.5,0
ES005905,0.5,0
ES008711,0.5,0
ES009493,0.5,0
ES000747,0.5,0
ES001308,0.5,0
ES002078,0.5,0
ES003917,0.5,0
ES006088,0.5,0
ES007130,0.5,0
ES007842,0.5,0
ES008474,0.5,0
ES008795,0.5,0
ES000182,0.5,0
ES002343,0.5,0
ES002861,0.5,0
ES003262,0.5,0
ES003541,0.5,0
ES005841,0.5,0
ES006595,0.5,0
ES007005,0.5,0
ES008794,0.5,0
ES000334,0.5,0
ES001075,0.5,0
ES002043,0.5,0
ES002067,0.5,0
ES003166,0.5,0
ES004875,0.5,0
ES005180,0.5,0
ES005616,0.5,0
ES006340,0.5,0
ES007284,0.5,0
ES000418,0.5,0
ES001197,0.5,0
ES002847,0.5,0
ES003067,0.5,0
ES003283,0.5,0
ES004543,0.5,0
ES006048,0.5,0
ES006508,0.5,0
ES006920,0.5,0
ES007170,0.5,0
ES001313,0.5,0
ES003422,0.5,0
ES003662,0.5,0
ES004016,0.5,0
ES005949,0.5,0
ES007421,0.5,0
ES008623,0.5,0
ES009079,0.5,0
ES000553,0.5,0
ES001664,0.5,0
ES002809,0.5,0
ES004264,0.5,0
ES006714,0.5,0
ES006769,0.5,0
ES006856,0.5,0
ES008664,0.5,0
ES009295,0.5,0
ES001230,0.5,0
ES001498,0.5,0
ES002898,0.5,0
ES002986,0.5,0
ES005328,0.5,0
ES005934,0.5,0
ES006016,0.5,0
ES006276,0.5,0
ES007671,0.5,0
ES009178,0.5,0
ES009949,0.5,0
ES000772,0.5,0
ES000785,0.5,0
ES000921,0.5,0
ES004851,0.5,0
ES005466,0.5,0
ES006441,0.5,0
ES007151,0.5,0
ES008273,0.5,0
ES008630,0.5,0
ES009360,0.5,0
ES000801,0.5,0
ES000986,0.5,0
ES002228,0.5,0
ES002322,0.5,0
ES002930,0.5,0
ES004568,0.5,0
ES006260,0.5,0
ES006330,0.5,0
ES006983,0.5,0
ES007329,0.5,0
ES007734,0.5,0
ES007946,0.5,0
ES008591,0.5,0
ES009206,0.5,0
ES000982,0.5,0
ES001659,0.5,0
ES004196,0.5,0
ES004295,0.5,0
ES005281,0.5,0
ES005325,0.5,0
ES007379,0.5,0
ES007480,0.5,0
ES008346,0.5,0
ES009382,0.5,0
ES000144,0.5,0
ES000411,0.5,0
ES000815,0.5,0
ES002469,0.5,0
ES003122,0.5,0
ES003335,0.5,0
ES003451,0.5,0
ES003860,0.5,0
ES004122,0.5,0
ES004708,0.5,0
ES006963,0.5,0
ES007020,0.5,0
ES007430,0.5,0
ES008237,0.5,0
ES008528,0.5,0
ES008810,0.5,0
ES008847,0.5,0
ES002828,0.5,0
ES003853,0.5,0
ES005873,0.5,0
ES006407,0.5,0
ES007234,0.5,0
ES007556,0.5,0
ES000605,0.5,0
ES001971,0.5,0
ES002606,0.5,0
ES002750,0.5,0
ES002802,0.5,0
ES009927,0.5,0
ES000599,0.5,0
ES000719,0.5,0
ES001385,0.5,0
ES001585,0.5,0
ES002082,0.5,0
ES004673,0.5,0
ES005338,0.5,0
ES006103,0.5,0
ES006235,0.5,0
ES009264,0.5,0
ES000776,0.5,0
ES000828,0.5,0
ES002146,0.5,0
ES003195,0.5,0
ES003870,0.5,0
ES004193,0.5,0
ES004310,0.5,0
ES004814,0.5,0
ES005149,0.5,0
ES006166,0.5,0
ES007127,0.5,0
ES008066,0.5,0
ES008638,0.5,0
ES009808,0.5,0
ES000651,0.5,0
ES000837,0.5,0
ES002378,0.5,0
ES008132,0.5,0
ES009018,0.5,0
ES009384,0.5,0
ES009850,0.5,0
ES001346,0.5,0
ES002311,0.5,0
ES002891,0.5,0
ES004376,0.5,0
ES005541,0.5,0
ES006587,0.5,0
ES007677,0.5,0
ES008472,0.5,0
ES008705,0.5,0
ES000332,0.5,0
ES001579,0.5,0
ES004687,0.5,0
ES005618,0.5,0
ES005922,0.5,0
ES006758,0.5,0
ES009997,0.5,0
ES000097,0.5,0
ES000607,0.5,0
ES000705,0.5,0
ES003173,0.5,0
ES007378,0.5,0
ES008667,0.5,0
ES000183,0.5,0
ES000702,0.5,0
ES001333,0.5,0
ES002203,0.5,0
ES002911,0.5,0
ES006692,0.5,0
ES006991,0.5,0
ES007081,0.5,0
ES008626,0.5,0
ES000166,0.5,0
ES000862,0.5,0
ES001886,0.5,0
ES002064,0.5,0
ES002765,0.5,0
ES003785,0.5,0
ES005117,0.5,0
ES006069,0.5,0
ES006191,0.5,0
ES006725,0.5,0
ES006890,0.5,0
ES008060,0.5,0
ES008167,0.5,0
ES008803,0.5,0
ES000340,0.5,0
ES000532,0.5,0
ES001024,0.5,0
ES001976,0.5,0
ES002955,0.5,0
ES003815,0.5,0
ES004630,0.5,0
ES004922,0.5,0
ES005553,0.5,0
ES008157,0.5,0
ES008347,0.5,0
ES008913,0.5,0
ES009679,0.5,0
ES000814,0.5,0
ES001345,0.5,0
ES002171,0.5,0
ES002537,0.5,0
ES005232,0.5,0
ES006143,0.5,0
ES006799,0.5,0
ES007570,0.5,0
ES008089,0.5,0
ES000085,0.5,0
ES003182,0.5,0
ES004200,0.5,0
ES004818,0.5,0
ES005079,0.5,0
ES008146,0.5,0
ES009197,0.5,0
ES001128,0.5,0
ES001316,0.5,0
ES001771,0.5,0
ES002007,0.5,0
ES002236,0.5,0
ES002476,0.5,0
ES003355,0.5,0
ES003446,0.5,0
ES004789,0.5,0
ES006887,0.5,0
ES009824,0.5,0
ES000523,0.5,0
ES000565,0.5,0
ES002541,0.5,0
ES003427,0.5,0
ES004518,0.5,0
ES004791,0.5,0
ES005926,0.5,0
ES009678,0.5,0
ES001890,0.5,0
ES004677,0.5,0
ES005642,0.5,0
ES006499,0.5,0
ES007604,0.5,0
ES009932,0.5,0
ES000403,0.5,0
ES000670,0.5,0
ES000987,0.5,0
ES001039,0.5,0
ES004695,0.5,0
ES007417,0.5,0
ES009914,0.5,0
ES001638,0.5,0
ES001992,0.5,0
ES002971,0.5,0
ES003970,0.5,0
ES004470,0.5,0
ES004570,0.5,0
ES005010,0.5,0
ES005847,0.5,0
ES006772,0.5,0
ES007695,0.5,0
ES008639,0.5,0
ES008859,0.5,0
ES009568,0.5,0
ES000236,0.5,0
ES000369,0.5,0
ES000406,0.5,0
ES000750,0.5,0
ES000910,0.5,0
ES004069,0.5,0
ES005270,0.5,0
ES006424,0.5,0
ES007083,0.5,0
ES007696,0.5,0
ES008063,0.5,0
ES008255,0.5,0
ES001549,0.5,0
ES002263,0.5,0
ES004039,0.5,0
ES004212,0.5,0
ES005649,0.5,0
ES006012,0.5,0
ES007055,0.5,0
ES009948,0.5,0
ES002623,0.5,0
ES004872,0.5,0
ES005782,0.5,0
ES007014,0.5,0
ES008294,0.5,0
ES001217,0.5,0
ES002517,0.5,0
ES002567,0.5,0
ES003746,0.5,0
ES004624,0.5,0
ES005560,0.5,0
ES006638,0.5,0
ES006719,0.5,0
ES007722,0.5,0
ES009040,0.5,0
ES009732,0.5,0
ES009986,0.5,0
ES001387,0.5,0
ES001605,0.5,0
ES001983,0.5,0
ES002917,0.5,0
ES005380,0.5,0
ES005406,0.5,0
ES006937,0.5,0
ES007370,0.5,0
ES008202,0.5,0
ES002222,0.5,0
ES002241,0.5,0
ES003900,0.5,0
ES004149,0.5,0
ES004724,0.5,0
ES006111,0.5,0
ES006291,0.5,0
ES000139,0.5,0
ES002692,0.5,0
ES002991,0.5,0
ES003152,0.5,0
ES004424,0.5,0
ES005518,0.5,0
ES007245,0.5,0
ES008193,0.5,0
ES000220,0.5,0
ES000224,0.5,0
ES000701,0.5,0
ES000965,0.5,0
ES002010,0.5,0
ES002791,0.5,0
ES005386,0.5,0
ES006003,0.5,0
ES006053,0.5,0
ES006617,0.5,0
ES000546,0.5,0
ES002961,0.5,0
ES003955,0.5,0
ES004613,0.5,0
ES005162,0.5,0
ES005909,0.5,0
ES009881,0.5,0
ES003532,0.5,0
ES004939,0.5,0
ES007643,0.5,0
ES007883,0.5,0
ES002418,0.5,0
ES003508,0.5,0
ES004110,0.5,0
ES005302,0.5,0
ES005459,0.5,0
ES008502,0.5,0
ES003613,0.5,0
ES004559,0.5,0
ES006173,0.5,0
ES006567,0.5,0
ES008009,0.5,0
ES008365,0.5,0
ES009136,0.5,0
ES009906,0.5,0
ES001548,0.5,0
ES001597,0.5,0
ES002435,0.5,0
ES002483,0.5,0
ES003171,0.5,0
ES003680,0.5,0
ES005017,0.5,0
ES008438,0.5,0
ES000506,0.5,0
ES002174,0.5,0
ES004743,0.5,0
ES008262,0.5,0
ES008599,0.5,0
ES008633,0.5,0
ES009425,0.5,0
ES000131,0.5,0
ES003055,0.5,0
ES005019,0.5,0
ES005212,0.5,0
ES006179,0.5,0
ES006337,0.5,0
ES006430,0.5,0
ES006744,0.5,0
ES008094,0.5,0
ES008703,0.5,0
ES008800,0.5,0
ES000771,0.5,0
ES003781,0.5,0
ES004020,0.5,0
ES004895,0.5,0
ES005919,0.5,0
ES006709,0.5,0
ES006768,0.5,0
ES007327,0.5,0
ES008995,0.5,0
ES000564,0.5,0
ES004369,0.5,0
ES005645,0.5,0
ES005774,0.5,0
ES007340,0.5,0
ES000632,0.5,0
ES000841,0.5,0
ES002858,0.5,0
ES008488,0.5,0
ES000433,0.5,0
ES000544,0.5,0
ES001740,0.5,0
ES004248,0.5,0
ES004632,0.5,0
ES006742,0.5,0
ES008654,0.5,0
ES009770,0.5,0
ES003029,0.5,0
ES004716,0.5,0
ES005114,0.5,0
ES006037,0.5,0
ES006720,0.5,0
ES007492,0.5,0
ES008200,0.5,0
ES008493,0.5,0
ES009592,0.5,0
ES000152,0.5,0
ES001613,0.5,0
ES001707,0.5,0
ES002100,0.5,0
ES002721,0.5,0
ES002787,0.5,0
ES003383,0.5,0
ES005448,0.5,0
ES008079,0.5,0
ES008334,0.5,0
ES009187,0.5,0
ES009639,0.5,0
ES001732,0.5,0
ES003282,0.5,0
ES007398,0.5,0
ES007534,0.5,0
ES000197,0.5,0
ES002276,0.5,0
ES003118,0.5,0
ES003982,0.5,0
ES006602,0.5,0
ES006857,0.5,0
ES007200,0.5,0
ES009071,0.5,0
ES009641,0.5,0
ES001922,0.5,0
ES003889,0.5,0
ES004983,0.5,0
ES006439,0.5,0
ES006837,0.5,0
ES008309,0.5,0
ES008517,0.5,0
ES001343,0.5,0
ES002939,0.5,0
ES003295,0.5,0
ES003864,0.5,0
ES004504,0.5,0
ES004981,0.5,0
ES007122,0.5,0
ES007375,0.5,0
ES008471,0.5,0
ES008700,0.5,0
ES000167,0.5,0
ES001408,0.5,0
ES003113,0.5,0
ES003969,0.5,0
ES004585,0.5,0
ES004888,0.5,0
ES007058,0.5,0
ES009212,0.5,0
ES009373,0.5,0
ES009539,0.5,0
ES009704,0.5,0
ES000378,0.5,0
ES000609,0.5,0
ES000920,0.5,0
ES002454,0.5,0
ES003097,0.5,0
ES005028,0.5,0
ES006710,0.5,0
ES006921,0.5,0
ES007851,0.5,0
ES008374,0.5,0
ES009842,0.5,0
ES001376,0.5,0
ES001956,0.5,0
ES002054,0.5,0
ES002622,0.5,0
ES002753,0.5,0
ES002965,0.5,0
ES003679,0.5,0
ES004274,0.5,0
ES005225,0.5,0
ES008807,0.5,0
ES009896,0.5,0
ES000177,0.5,0
ES000958,0.5,0
ES001997,0.5,0
ES004527,0.5,0
ES005650,0.5,0
ES006476,0.5,0
ES008241,0.5,0
ES009046,0.5,0
ES009792,0.5,0
ES009857,0.5,0
ES000911,0.5,0
ES001353,0.5,0
ES001639,0.5,0
ES001686,0.5,0
ES002389,0.5,0
ES002929,0.5,0
ES003317,0.5,0
ES004530,0.5,0
ES000618,0.5,0
ES001698,0.5,0
ES002766,0.5,0
ES003811,0.5,0
ES005016,0.5,0
ES005633,0.5,0
ES006041,0.5,0
ES006637,0.5,0
ES006679,0.5,0
ES006698,0.5,0
ES007123,0.5,0
ES007724,0.5,0
ES008265,0.5,0
ES008676,0.5,0
ES000200,0.5,0
ES002650,0.5,0
ES004051,0.5,0
ES004810,0.5,0
ES004956,0.5,0
ES005321,0.5,0
ES006078,0.5,0
ES007760,0.5,0
ES008058,0.5,0
ES009442,0.5,0
ES000347,0.5,0
ES002804,0.5,0
ES003714,0.5,0
ES005265,0.5,0
ES006364,0.5,0
ES008071,0.5,0
ES008570,0.5,0
ES008620,0.5,0
ES008850,0.5,0
ES000241,0.5,0
ES001910,0.5,0
ES003858,0.5,0
ES005001,0.5,0
ES005245,0.5,0
ES008254,0.5,0
ES008690,0.5,0
ES009272,0.5,0
ES009413,0.5,0
ES003491,0.5,0
ES003659,0.5,0
ES004130,0.5,0
ES004575,0.5,0
ES005775,0.5,0
ES005940,0.5,0
ES007930,0.5,0
ES008739,0.5,0
ES009757,0.5,0
ES000516,0.5,0
ES000850,0.5,0
ES001394,0.5,0
ES002099,0.5,0
ES005395,0.5,0
ES006466,0.5,0
ES007503,0.5,0
ES000338,0.5,0
ES000596,0.5,0
ES000704,0.5,0
ES001025,0.5,0
ES001127,0.5,0
ES001338,0.5,0
ES003196,0.5,0
ES003429,0.5,0
ES003941,0.5,0
ES006656,0.5,0
ES007207,0.5,0
ES008109,0.5,0
ES008439,0.5,0
ES008938,0.5,0
ES009106,0.5,0
ES009550,0.5,0
ES001239,0.5,0
ES001533,0.5,0
ES001799,0.5,0
ES002233,0.5,0
ES004211,0.5,0
ES004929,0.5,0
ES005544,0.5,0
ES008076,0.5,0
ES008340,0.5,0
ES008396,0.5,0
ES008504,0.5,0
ES008602,0.5,0
ES008706,0.5,0
ES009632,0.5,0
ES000593,0.5,0
ES000779,0.5,0
ES000909,0.5,0
ES001105,0.5,0
ES001530,0.5,0
ES002380,0.5,0
ES003453,0.5,0
ES004025,0.5,0
ES004190,0.5,0
ES004853,0.5,0
ES007706,0.5,0
ES008090,0.5,0
ES009581,0.5,0
ES000650,0.5,0
ES001393,0.5,0
ES003703,0.5,0
ES007750,0.5,0
ES001281,0.5,0
ES003243,0.5,0
ES003715,0.5,0
ES004988,0.5,0
ES006851,0.5,0
ES008242,0.5,0
ES008274,0.5,0
ES000052,0.5,0
ES000729,0.5,0
ES001149,0.5,0
ES002114,0.5,0
ES002465,0.5,0
ES003156,0.5,0
ES003652,0.5,0
ES003908,0.5,0
ES006090,0.5,0
ES006368,0.5,0
ES008969,0.5,0
ES009216,0.5,0
ES000507,0.5,0
ES002617,0.5,0
ES002697,0.5,0
ES002842,0.5,0
ES003390,0.5,0
ES004298,0.5,0
ES005682,0.5,0
ES006018,0.5,0
ES007422,0.5,0
ES001135,0.5,0
ES002795,0.5,0
ES003654,0.5,0
ES005247,0.5,0
ES005481,0.5,0
ES006068,0.5,0
ES006310,0.5,0
ES009198,0.5,0
ES009222,0.5,0
ES000408,0.5,0
ES002915,0.5,0
ES006107,0.5,0
ES006367,0.5,0
ES006473,0.5,0
ES006910,0.5,0
ES006973,0.5,0
ES000032,0.5,0
ES000115,0.5,0
ES000567,0.5,0
ES001603,0.5,0
ES001734,0.5,0
ES001881,0.5,0
ES005029,0.5,0
ES006931,0.5,0
ES006988,0.5,0
ES007396,0.5,0
ES007720,0.5,0
ES008760,0.5,0
ES009013,0.5,0
ES000293,0.5,0
ES000447,0.5,0
ES001114,0.5,0
ES001305,0.5,0
ES003299,0.5,0
ES004868,0.5,0
ES005092,0.5,0
ES006771,0.5,0
ES007434,0.5,0
ES008002,0.5,0
ES008099,0.5,0
ES008797,0.5,0
ES000663,0.5,0
ES000668,0.5,0
ES001558,0.5,0
ES001588,0.5,0
ES001909,0.5,0
ES003553,0.5,0
ES003755,0.5,0
ES003762,0.5,0
ES005267,0.5,0
ES005598,0.5,0
ES007173,0.5,0
ES008979,0.5,0
ES009749,0.5,0
ES009785,0.5,0
ES004646,0.5,0
ES005899,0.5,0
ES006205,0.5,0
ES007306,0.5,0
ES001722,0.5,0
ES001767,0.5,0
ES002085,0.5,0
ES002611,0.5,0
ES003465,0.5,0
ES003842,0.5,0
ES004634,0.5,0
ES004801,0.5,0
ES005595,0.5,0
ES005837,0.5,0
ES007412,0.5,0
ES009485,0.5,0
ES009980,0.5,0
ES004066,0.5,0
ES005620,0.5,0
ES006621,0.5,0
ES000371,0.5,0
ES001134,0.5,0
ES005363,0.5,0
ES009245,0.5,0
ES000385,0.5,0
ES001414,0.5,0
ES001494,0.5,0
ES001982,0.5,0
ES004701,0.5,0
ES007972,0.5,0
ES008749,0.5,0
ES000877,0.5,0
ES001082,0.5,0
ES002217,0.5,0
ES004389,0.5,0
ES004997,0.5,0
ES007090,0.5,0
ES007159,0.5,0
ES007597,0.5,0
ES008183,0.5,0
ES008990,0.5,0
ES002660,0.5,0
ES006031,0.5,0
ES007322,0.5,0
ES007738,0.5,0
ES008192,0.5,0
ES008811,0.5,0
ES000575,0.5,0
ES001309,0.5,0
ES003205,0.5,0
ES003370,0.5,0
ES005931,0.5,0
ES006847,0.5,0
ES007852,0.5,0
ES007951,0.5,0
ES008713,0.5,0
ES009975,0.5,0
ES001231,0.5,0
ES002312,0.5,0
ES003646,0.5,0
ES005603,0.5,0
ES007247,0.5,0
ES008624,0.5,0
ES009773,0.5,0
ES002195,0.5,0
ES006354,0.5,0
ES006895,0.5,0
ES007428,0.5,0
ES008081,0.5,0
ES008793,0.5,0
ES009275,0.5,0
ES009593,0.5,0
ES009665,0.5,0
ES001275,0.5,0
ES003938,0.5,0
ES003958,0.5,0
ES004276,0.5,0
ES009217,0.5,0
ES009322,0.5,0
ES000002,0.5,0
ES000049,0.5,0
ES000493,0.5,0
ES004998,0.5,0
ES006871,0.5,0
ES007213,0.5,0
ES007956,0.5,0
ES008916,0.5,0
ES009283,0.5,0
ES000016,0.5,0
ES001772,0.5,0
ES001824,0.5,0
ES001847,0.5,0
ES001853,0.5,0
ES002057,0.5,0
ES002860,0.5,0
ES003494,0.5,0
ES007258,0.5,0
ES007752,0.5,0
ES008964,0.5,0
ES000817,0.5,0
ES001559,0.5,0
ES001593,0.5,0
ES003481,0.5,0
ES005821,0.5,0
ES005849,0.5,0
ES007514,0.5,0
ES008836,0.5,0
ES009971,0.5,0
ES001124,0.5,0
ES002089,0.5,0
ES002488,0.5,0
ES004843,0.5,0
ES005654,0.5,0
ES008304,0.5,0
ES009291,0.5,0
ES009538,0.5,0
ES000089,0.5,0
ES000835,0.5,0
ES003302,0.5,0
ES007134,0.5,0
ES000365,0.5,0
ES002670,0.5,0
ES002688,0.5,0
ES004014,0.5,0
ES004891,0.5,0
ES005369,0.5,0
ES005906,0.5,0
ES006505,0.5,0
ES006615,0.5,0
ES007140,0.5,0
ES009302,0.5,0
ES000693,0.5,0
ES000800,0.5,0
ES001377,0.5,0
ES001988,0.5,0
ES002018,0.5,0
ES002216,0.5,0
ES003766,0.5,0
ES003947,0.5,0
ES006623,0.5,0
ES007277,0.5,0
ES009899,0.5,0
ES002280,0.5,0
ES002973,0.5,0
ES005048,0.5,0
ES005750,0.5,0
ES005760,0.5,0
ES007690,0.5,0
ES009309,0.5,0
ES009491,0.5,0
ES001297,0.5,0
ES003268,0.5,0
ES004698,0.5,0
ES006592,0.5,0
ES006607,0.5,0
ES008712,0.5,0
ES000664,0.5,0
ES001303,0.5,0
ES003279,0.5,0
ES003458,0.5,0
ES003996,0.5,0
ES005653,0.5,0
ES006054,0.5,0
ES006406,0.5,0
ES006491,0.5,0
ES006901,0.5,0
ES008140,0.5,0
ES008259,0.5,0
ES008356,0.5,0
ES008552,0.5,0
ES008898,0.5,0
ES009744,0.5,0
ES001288,0.5,0
ES002366,0.5,0
ES002615,0.5,0
ES004494,0.5,0
ES004773,0.5,0
ES005070,0.5,0
ES006527,0.5,0
ES008185,0.5,0
ES009462,0.5,0
ES009606,0.5,0
ES009766,0.5,0
ES000382,0.5,0
ES000620,0.5,0
ES000978,0.5,0
ES002061,0.5,0
ES002302,0.5,0
ES003529,0.5,0
ES003782,0.5,0
ES004141,0.5,0
ES004641,0.5,0
ES005286,0.5,0
ES006105,0.5,0
ES006335,0.5,0
ES006438,0.5,0
ES006811,0.5,0
ES007861,0.5,0
ES009038,0.5,0
ES000869,0.5,0
ES002371,0.5,0
ES004889,0.5,0
ES005052,0.5,0
ES006102,0.5,0
ES006350,0.5,0
ES000401,0.5,0
ES001537,0.5,0
ES006923,0.5,0
ES007164,0.5,0
ES000514,0.5,0
ES001880,0.5,0
ES004084,0.5,0
ES004107,0.5,0
ES004284,0.5,0
ES007669,0.5,0
ES008091,0.5,0
ES008788,0.5,0
ES002640,0.5,0
ES002798,0.5,0
ES002808,0.5,0
ES003219,0.5,0
ES004179,0.5,0
ES004403,0.5,0
ES004848,0.5,0
ES005347,0.5,0
ES005468,0.5,0
ES006521,0.5,0
ES006534,0.5,0
ES007226,0.5,0
ES008026,0.5,0
ES008440,0.5,0
ES001020,0.5,0
ES001354,0.5,0
ES001655,0.5,0
ES001682,0.5,0
ES003712,0.5,0
ES004631,0.5,0
ES005593,0.5,0
ES006733,0.5,0
ES008341,0.5,0
ES008692,0.5,0
ES008752,0.5,0
ES008932,0.5,0
ES000058,0.5,0
ES000839,0.5,0
ES000918,0.5,0
ES002365,0.5,0
ES002663,0.5,0
ES003840,0.5,0
ES004581,0.5,0
ES006417,0.5,0
ES007161,0.5,0
ES008663,0.5,0
ES000068,0.5,0
ES000919,0.5,0
ES001201,0.5,0
ES001778,0.5,0
ES003642,0.5,0
ES005096,0.5,0
ES007047,0.5,0
ES001685,0.5,0
ES002049,0.5,0
ES003632,0.5,0
ES004588,0.5,0
ES006792,0.5,0
ES007765,0.5,0
ES007829,0.5,0
ES009139,0.5,0
ES002021,0.5,0
ES002340,0.5,0
ES002500,0.5,0
ES003227,0.5,0
ES004869,0.5,0
ES006804,0.5,0
ES007948,0.5,0
ES008780,0.5,0
ES009258,0.5,0
ES001182,0.5,0
ES005731,0.5,0
ES005780,0.5,0
ES006636,0.5,0
ES006957,0.5,0
ES007590,0.5,0
ES007935,0.5,0
ES009057,0.5,0
ES001050,0.5,0
ES002505,0.5,0
ES004419,0.5,0
ES005285,0.5,0
ES005846,0.5,0
ES007523,0.5,0
ES007936,0.5,0
ES008459,0.5,0
ES008482,0.5,0
ES009440,0.5,0
ES002242,0.5,0
ES002600,0.5,0
ES003594,0.5,0
ES003828,0.5,0
ES005233,0.5,0
ES007567,0.5,0
ES009240,0.5,0
ES009667,0.5,0
ES000439,0.5,0
ES002581,0.5,0
ES002590,0.5,0
ES003672,0.5,0
ES005012,0.5,0
ES007168,0.5,0
ES007615,0.5,0
ES008779,0.5,0
ES008865,0.5,0
ES000539,0.5,0
ES002587,0.5,0
ES002848,0.5,0
ES003616,0.5,0
ES004323,0.5,0
ES004877,0.5,0
ES005038,0.5,0
ES005460,0.5,0
ES007689,0.5,0
ES009225,0.5,0
ES000352,0.5,0
ES000845,0.5,0
ES002255,0.5,0
ES003117,0.5,0
ES003134,0.5,0
ES003359,0.5,0
ES006419,0.5,0
ES008389,0.5,0
ES000119,0.5,0
ES000865,0.5,0
ES001184,0.5,0
ES001743,0.5,0
ES002855,0.5,0
ES003352,0.5,0
ES003678,0.5,0
ES005371,0.5,0
ES008452,0.5,0
ES009580,0.5,0
ES009911,0.5,0
ES000123,0.5,0
ES000844,0.5,0
ES001095,0.5,0
ES002950,0.5,0
ES003011,0.5,0
ES003259,0.5,0
ES004615,0.5,0
ES006672,0.5,0
ES007113,0.5,0
ES007146,0.5,0
ES000440,0.5,0
ES002096,0.5,0
ES002594,0.5,0
ES002962,0.5,0
ES003953,0.5,0
ES005242,0.5,0
ES007391,0.5,0
ES009472,0.5,0
ES009582,0.5,0
ES009750,0.5,0
ES002686,0.5,0
ES002831,0.5,0
ES003743,0.5,0
ES003901,0.5,0
ES003994,0.5,0
ES004231,0.5,0
ES004326,0.5,0
ES004950,0.5,0
ES005055,0.5,0
ES005091,0.5,0
ES005160,0.5,0
ES005986,0.5,0
ES008289,0.5,0
ES008863,0.5,0
ES009936,0.5,0
ES000180,0.5,0
ES000354,0.5,0
ES001381,0.5,0
ES002792,0.5,0
ES004044,0.5,0
ES006300,0.5,0
ES006451,0.5,0
ES007410,0.5,0
ES008129,0.5,0
ES008808,0.5,0
ES009675,0.5,0
ES000008,0.5,0
ES000264,0.5,0
ES000479,0.5,0
ES001841,0.5,0
ES002908,0.5,0
ES003492,0.5,0
ES004176,0.5,0
ES004429,0.5,0
ES004442,0.5,0
ES007293,0.5,0
ES007404,0.5,0
ES007496,0.5,0
ES008010,0.5,0
ES008986,0.5,0
ES000469,0.5,0
ES001937,0.5,0
ES002017,0.5,0
ES002321,0.5,0
ES003254,0.5,0
ES003891,0.5,0
ES005561,0.5,0
ES006885,0.5,0
ES007124,0.5,0
ES007316,0.5,0
ES007540,0.5,0
ES008056,0.5,0
ES008559,0.5,0
ES001965,0.5,0
ES003080,0.5,0
ES004549,0.5,0
ES006586,0.5,0
ES008508,0.5,0
ES001410,0.5,0
ES003976,0.5,0
ES006877,0.5,0
ES007402,0.5,0
ES007501,0.5,0
ES008679,0.5,0
ES009801,0.5,0
ES000055,0.5,0
ES000130,0.5,0
ES000333,0.5,0
ES000451,0.5,0
ES000711,0.5,0
ES001311,0.5,0
ES001634,0.5,0
ES002720,0.5,0
ES002818,0.5,0
ES003044,0.5,0
ES004931,0.5,0
ES005135,0.5,0
ES005810,0.5,0
ES009738,0.5,0
ES001077,0.5,0
ES001179,0.5,0
ES001388,0.5,0
ES001551,0.5,0
ES002388,0.5,0
ES004972,0.5,0
ES006745,0.5,0
ES000766,0.5,0
ES003063,0.5,0
ES003596,0.5,0
ES004267,0.5,0
ES005566,0.5,0
ES006500,0.5,0
ES007414,0.5,0
ES009567,0.5,0
ES000893,0.5,0
ES001270,0.5,0
ES002538,0.5,0
ES004683,0.5,0
ES004689,0.5,0
ES005509,0.5,0
ES006961,0.5,0
ES008729,0.5,0
ES000736,0.5,0
ES001411,0.5,0
ES002181,0.5,0
ES003424,0.5,0
ES004942,0.5,0
ES005164,0.5,0
ES005361,0.5,0
ES006918,0.5,0
ES009712,0.5,0
ES000591,0.5,0
ES001103,0.5,0
ES002552,0.5,0
ES002659,0.5,0
ES002733,0.5,0
ES004842,0.5,0
ES005507,0.5,0
ES006154,0.5,0
ES006250,0.5,0
ES009478,0.5,0
ES009553,0.5,0
ES000278,0.5,0
ES000414,0.5,0
ES003737,0.5,0
ES006118,0.5,0
ES007216,0.5,0
ES007628,0.5,0
ES008275,0.5,0
ES008819,0.5,0
ES000929,0.5,0
ES001507,0.5,0
ES001775,0.5,0
ES002159,0.5,0
ES002376,0.5,0
ES002628,0.5,0
ES002754,0.5,0
ES005147,0.5,0
ES006609,0.5,0
ES006693,0.5,0
ES007048,0.5,0
ES007098,0.5,0
ES007261,0.5,0
ES007411,0.5,0
ES008230,0.5,0
ES009717,0.5,0
ES000724,0.5,0
ES001326,0.5,0
ES001730,0.5,0
ES002634,0.5,0
ES002827,0.5,0
ES003455,0.5,0
ES004833,0.5,0
ES005115,0.5,0
ES005944,0.5,0
ES006202,0.5,0
ES006721,0.5,0
ES007250,0.5,0
ES007707,0.5,0
ES009377,0.5,0
ES009597,0.5,0
ES009651,0.5,0
ES002446,0.5,0
ES003934,0.5,0
ES004140,0.5,0
ES005236,0.5,0
ES007483,0.5,0
ES009445,0.5,0
ES000287,0.5,0
ES000716,0.5,0
ES002013,0.5,0
ES003149,0.5,0
ES003663,0.5,0
ES006355,0.5,0
ES007163,0.5,0
ES008078,0.5,0
ES008635,0.5,0
ES008715,0.5,0
ES000432,0.5,0
ES002944,0.5,0
ES003590,0.5,0
ES000324,0.5,0
ES003142,0.5,0
ES004951,0.5,0
ES005315,0.5,0
ES007070,0.5,0
ES007109,0.5,0
ES007650,0.5,0
ES000093,0.5,0
ES000836,0.5,0
ES001916,0.5,0
ES003147,0.5,0
ES003977,0.5,0
ES004358,0.5,0
ES005788,0.5,0
ES006376,0.5,0
ES006894,0.5,0
ES007063,0.5,0
ES008503,0.5,0
ES008855,0.5,0
ES001321,0.5,0
ES002629,0.5,0
ES002989,0.5,0
ES004482,0.5,0
ES005125,0.5,0
ES008031,0.5,0
ES009904,0.5,0
ES000044,0.5,0
ES006619,0.5,0
ES007785,0.5,0
ES009409,0.5,0
ES000680,0.5,0
ES003874,0.5,0
ES004328,0.5,0
ES004438,0.5,0
ES004746,0.5,0
ES005047,0.5,0
ES005109,0.5,0
ES001080,0.5,0
ES002873,0.5,0
ES003629,0.5,0
ES006240,0.5,0
ES006797,0.5,0
ES007873,0.5,0
ES009209,0.5,0
ES009468,0.5,0
ES000456,0.5,0
ES002741,0.5,0
ES003661,0.5,0
ES005139,0.5,0
ES008203,0.5,0
ES002330,0.5,0
ES002460,0.5,0
ES002695,0.5,0
ES003292,0.5,0
ES005355,0.5,0
ES005712,0.5,0
ES006209,0.5,0
ES007252,0.5,0
ES009813,0.5,0
ES001133,0.5,0
ES001347,0.5,0
ES005086,0.5,0
ES006965,0.5,0
ES007822,0.5,0
ES009437,0.5,0
ES001256,0.5,0
ES001774,0.5,0
ES002132,0.5,0
ES002370,0.5,0
ES003859,0.5,0
ES004525,0.5,0
ES004645,0.5,0
ES005608,0.5,0
ES005805,0.5,0
ES006332,0.5,0
ES006537,0.5,0
ES000558,0.5,0
ES000872,0.5,0
ES001115,0.5,0
ES002582,0.5,0
ES002743,0.5,0
ES007171,0.5,0
ES007262,0.5,0
ES007377,0.5,0
ES008778,0.5,0
ES000082,0.5,0
ES000830,0.5,0
ES001334,0.5,0
ES001719,0.5,0
ES002516,0.5,0
ES003765,0.5,0
ES005577,0.5,0
ES005971,0.5,0
ES006735,0.5,0
ES009810,0.5,0
ES001210,0.5,0
ES001699,0.5,0
ES002711,0.5,0
ES002774,0.5,0
ES004600,0.5,0
ES008719,0.5,0
ES009128,0.5,0
ES000206,0.5,0
ES000410,0.5,0
ES002348,0.5,0
ES002924,0.5,0
ES003251,0.5,0
ES004154,0.5,0
ES006828,0.5,0
ES007304,0.5,0
ES007413,0.5,0
ES000297,0.5,0
ES002786,0.5,0
ES005665,0.5,0
ES009334,0.5,0
ES000452,0.5,0
ES003222,0.5,0
ES003326,0.5,0
ES003581,0.5,0
ES005124,0.5,0
ES005200,0.5,0
ES006854,0.5,0
ES006972,0.5,0
ES007843,0.5,0
ES008680,0.5,0
ES002655,0.5,0
ES002674,0.5,0
ES003369,0.5,0
ES003462,0.5,0
ES003468,0.5,0
ES003800,0.5,0
ES004384,0.5,0
ES005967,0.5,0
ES006094,0.5,0
ES006324,0.5,0
ES007479,0.5,0
ES008387,0.5,0
ES008831,0.5,0
ES009721,0.5,0
ES009811,0.5,0
ES000195,0.5,0
ES002262,0.5,0
ES004860,0.5,0
ES006157,0.5,0
ES006203,0.5,0
ES007313,0.5,0
ES007443,0.5,0
ES007746,0.5,0
ES008856,0.5,0
ES009957,0.5,0
ES002616,0.5,0
ES004095,0.5,0
ES004937,0.5,0
ES008280,0.5,0
ES008884,0.5,0
ES002466,0.5,0
ES004692,0.5,0
ES005127,0.5,0
ES005551,0.5,0
ES006542,0.5,0
ES007155,0.5,0
ES007289,0.5,0
ES007442,0.5,0
ES008069,0.5,0
ES000727,0.5,0
ES000908,0.5,0
ES001783,0.5,0
ES003620,0.5,0
ES004086,0.5,0
ES004707,0.5,0
ES004806,0.5,0
ES008923,0.5,0
ES000215,0.5,0
ES001532,0.5,0
ES004151,0.5,0
ES006986,0.5,0
ES007828,0.5,0
ES008229,0.5,0
ES009179,0.5,0
ES001034,0.5,0
ES004057,0.5,0
ES004194,0.5,0
ES006188,0.5,0
ES006864,0.5,0
ES007038,0.5,0
ES007347,0.5,0
ES000209,0.5,0
ES000322,0.5,0
ES000959,0.5,0
ES001234,0.5,0
ES005324,0.5,0
ES005698,0.5,0
ES006953,0.5,0
ES007185,0.5,0
ES009837,0.5,0
ES002527,0.5,0
ES002757,0.5,0
ES003950,0.5,0
ES004545,0.5,0
ES004633,0.5,0
ES004932,0.5,0
ES006348,0.5,0
ES007561,0.5,0
ES007684,0.5,0
ES008041,0.5,0
ES000011,0.5,0
ES000870,0.5,0
ES001681,0.5,0
ES001816,0.5,0
ES002192,0.5,0
ES004204,0.5,0
ES004312,0.5,0
ES005381,0.5,0
ES006393,0.5,0
ES007497,0.5,0
ES008299,0.5,0
ES002713,0.5,0
ES000033,0.5,0
ES000381,0.5,0
ES001954,0.5,0
ES002406,0.5,0
ES004207,0.5,0
ES004410,0.5,0
ES007938,0.5,0
ES000508,0.5,0
ES000777,0.5,0
ES001876,0.5,0
ES003300,0.5,0
ES003459,0.5,0
ES005865,0.5,0
ES008625,0.5,0
ES000833,0.5,0
ES001302,0.5,0
ES001371,0.5,0
ES001641,0.5,0
ES002575,0.5,0
ES003343,0.5,0
ES004704,0.5,0
ES005565,0.5,0
ES007461,0.5,0
ES007937,0.5,0
ES008893,0.5,0
ES009690,0.5,0
ES000312,0.5,0
ES001227,0.5,0
ES001566,0.5,0
ES003804,0.5,0
ES005202,0.5,0
ES006126,0.5,0
ES007139,0.5,0
ES007802,0.5,0
ES008353,0.5,0
ES009543,0.5,0
ES001692,0.5,0
ES002063,0.5,0
ES002599,0.5,0
ES004657,0.5,0
ES005071,0.5,0
ES005442,0.5,0
ES006092,0.5,0
ES007321,0.5,0
ES008732,0.5,0
ES008866,0.5,0
ES009274,0.5,0
ES009626,0.5,0
ES000554,0.5,0
ES001420,0.5,0
ES003442,0.5,0
ES007201,0.5,0
ES007331,0.5,0
ES007418,0.5,0
ES008904,0.5,0
ES009424,0.5,0
ES009976,0.5,0
ES000029,0.5,0
ES001720,0.5,0
ES001770,0.5,0
ES006296,0.5,0
ES006323,0.5,0
ES008598,0.5,0
ES000284,0.5,0
ES001191,0.5,0
ES001522,0.5,0
ES003339,0.5,0
ES003670,0.5,0
ES003978,0.5,0
ES005365,0.5,0
ES006398,0.5,0
ES008180,0.5,0
ES009958,0.5,0
ES001756,0.5,0
ES003893,0.5,0
ES004105,0.5,0
ES005548,0.5,0
ES007546,0.5,0
ES001092,0.5,0
ES001340,0.5,0
ES001554,0.5,0
ES003104,0.5,0
ES007703,0.5,0
ES008646,0.5,0
ES000856,0.5,0
ES002948,0.5,0
ES003094,0.5,0
ES004112,0.5,0
ES004505,0.5,0
ES008021,0.5,0
ES008645,0.5,0
ES009306,0.5,0
ES009522,0.5,0
ES001043,0.5,0
ES002689,0.5,0
ES004260,0.5,0
ES005128,0.5,0
ES005441,0.5,0
ES007583,0.5,0
ES009503,0.5,0
ES009554,0.5,0
ES001951,0.5,0
ES002299,0.5,0
ES002315,0.5,0
ES007255,0.5,0
ES008106,0.5,0
ES008498,0.5,0
ES000498,0.5,0
ES001360,0.5,0
ES001452,0.5,0
ES001544,0.5,0
ES001675,0.5,0
ES003256,0.5,0
ES004493,0.5,0
ES005776,0.5,0
ES006892,0.5,0
ES008926,0.5,0
ES009399,0.5,0
ES009964,0.5,0
ES004139,0.5,0
ES004174,0.5,0
ES008606,0.5,0
ES009421,0.5,0
ES000630,0.5,0
ES002109,0.5,0
ES002548,0.5,0
ES003432,0.5,0
ES005141,0.5,0
ES005176,0.5,0
ES008178,0.5,0
ES001277,0.5,0
ES002326,0.5,0
ES002448,0.5,0
ES003204,0.5,0
ES003576,0.5,0
ES004001,0.5,0
ES004573,0.5,0
ES007520,0.5,0
ES007668,0.5,0
ES007900,0.5,0
ES009162,0.5,0
ES001314,0.5,0
ES004406,0.5,0
ES004982,0.5,0
ES005118,0.5,0
ES005594,0.5,0
ES005822,0.5,0
ES006314,0.5,0
ES007614,0.5,0
ES008549,0.5,0
ES000951,0.5,0
ES001811,0.5,0
ES001865,0.5,0
ES003071,0.5,0
ES004663,0.5,0
ES006134,0.5,0
ES007196,0.5,0
ES007516,0.5,0
ES007791,0.5,0
ES000460,0.5,0
ES000956,0.5,0
ES001123,0.5,0
ES002612,0.5,0
ES004531,0.5,0
ES005382,0.5,0
ES000294,0.5,0
ES000545,0.5,0
ES002050,0.5,0
ES002728,0.5,0
ES004944,0.5,0
ES006388,0.5,0
ES008527,0.5,0
ES008891,0.5,0
ES008976,0.5,0
ES009748,0.5,0
ES000633,0.5,0
ES003242,0.5,0
ES005941,0.5,0
ES006821,0.5,0
ES007233,0.5,0
ES007473,0.5,0
ES008469,0.5,0
ES009955,0.5,0
ES000013,0.5,0
ES000517,0.5,0
ES000595,0.5,0
ES001265,0.5,0
ES002399,0.5,0
ES003750,0.5,0
ES004088,0.5,0
ES004333,0.5,0
ES004711,0.5,0
ES004809,0.5,0
ES005543,0.5,0
ES005831,0.5,0
ES000708,0.5,0
ES001621,0.5,0
ES001968,0.5,0
ES002946,0.5,0
ES003276,0.5,0
ES003330,0.5,0
ES004334,0.5,0
ES004911,0.5,0
ES006816,0.5,0
ES008261,0.5,0
ES008335,0.5,0
ES008671,0.5,0
ES009781,0.5,0
ES009950,0.5,0
ES000462,0.5,0
ES002699,0.5,0
ES003210,0.5,0
ES004450,0.5,0
ES005469,0.5,0
ES005473,0.5,0
ES006027,0.5,0
ES007758,0.5,0
ES007857,0.5,0
ES000301,0.5,0
ES003360,0.5,0
ES003869,0.5,0
ES004113,0.5,0
ES004501,0.5,0
ES004717,0.5,0
ES005744,0.5,0
ES005811,0.5,0
ES006425,0.5,0
ES000678,0.5,0
ES000819,0.5,0
ES001108,0.5,0
ES001276,0.5,0
ES001490,0.5,0
ES002889,0.5,0
ES003115,0.5,0
ES003291,0.5,0
ES003554,0.5,0
ES003813,0.5,0
ES005928,0.5,0
ES006513,0.5,0
ES006761,0.5,0
ES007049,0.5,0
ES008306,0.5,0
ES008883,0.5,0
ES000309,0.5,0
ES001033,0.5,0
ES001462,0.5,0
ES002180,0.5,0
ES004170,0.5,0
ES005786,0.5,0
ES007278,0.5,0
ES007389,0.5,0
ES007517,0.5,0
ES007736,0.5,0
ES007909,0.5,0
ES009532,0.5,0
ES000695,0.5,0
ES005359,0.5,0
ES005763,0.5,0
ES006987,0.5,0
ES007572,0.5,0
ES008403,0.5,0
ES008875,0.5,0
ES000979,0.5,0
ES001272,0.5,0
ES002033,0.5,0
ES002256,0.5,0
ES003003,0.5,0
ES003140,0.5,0
ES004350,0.5,0
ES007045,0.5,0
ES009525,0.5,0
ES000273,0.5,0
ES000342,0.5,0
ES000848,0.5,0
ES001254,0.5,0
ES001396,0.5,0
ES004904,0.5,0
ES005638,0.5,0
ES007427,0.5,0
ES008960,0.5,0
ES009319,0.5,0
ES009451,0.5,0
ES001561,0.5,0
ES002175,0.5,0
ES003286,0.5,0
ES003655,0.5,0
ES005580,0.5,0
